Speed (m/s),Pace (min/km),Distance (m),Points,Time (min),Squares visited,Groups visited,Maximise Points Solve Time (s),Minimise Distance Solve Time (s),Solve Time (s)
0.1,166.666666666667,331.253357685528,10,55.57,2,0,0.080345869064331,0.118911027908325,0.199256896972656
0.2,83.3333333333333,733.505603648177,14,61.87,4,0,1.18089461326599,0.812752962112427,1.99364757537842
0.3,55.5555555555556,1241.79017232461,19,69.94,5,0,3.01164197921753,2.32854175567627,5.3401837348938
0.4,41.6666666666667,1570.60111190711,23,66.74,7,0,1.60867595672607,2.0861918926239,3.69486784934998
0.5,33.3333333333333,1852.28409445224,25,63.22,8,0,2.60040497779846,3.83447909355164,6.4348840713501
0.6,27.7777777777778,2262.1789325758,36,64.52,9,1,1.94259834289551,1.50180506706238,3.44440340995789
0.7,23.8095238095238,2262.1789325758,36,55.54,9,1,5.37019634246826,2.24087643623352,7.61107277870178
0.8,20.8333333333333,2262.1789325758,36,48.81,9,1,7.60683822631836,2.34427499771118,9.95111322402954
0.9,18.5185185185185,3544.08057878409,40,67.52,10,1,9.59688448905945,8.93078875541687,18.5276732444763
1,16.6666666666667,3544.08057878409,40,60.95,10,1,18.325159072876,10.2768750190735,28.6020340919495
1.1,15.1515151515152,3544.08057878409,40,55.58,10,1,55.0741090774536,25.8133895397186,80.8874986171722
1.2,13.8888888888889,4657.59870116026,41,66.66,10,1,58.0257732868195,34.6765811443329,92.7023544311523
1.3,12.8205128205128,5048.0962120478,44,66.88,11,1,102.048606872559,170.506028652191,272.55463552475
1.4,11.9047619047619,5557.08170490766,51,68.05,9,1,62.606992483139,55.509950876236,118.116943359375
1.5,11.1111111111111,6089.97238039566,54,69.76,10,1,130.554895877838,115.113760471344,245.668656349182
1.6,10.4166666666667,6389.78716512787,64,68.85,11,2,114.355493307114,66.5750589370728,180.930552244186
1.7,9.80392156862745,6527.97211081029,66,66.47,12,2,125.497247695923,39.2692012786865,164.766448974609
1.8,9.25925925925926,6527.97211081029,66,62.91,12,2,207.072815418243,51.4126074314117,258.485422849655
1.9,8.7719298245614,6527.97211081029,66,59.73,12,2,631.270117998123,46.2042951583862,677.474413156509
2,8.33333333333333,7954.02932520431,68,68.91,13,1,537.64515209198,452.00727558136,989.65242767334
2.1,7.93650793650794,8325.70013976872,74,68.89,14,1,469.714856147766,620.514417171478,1090.22927331924
2.2,7.57575757575758,8876.72183044148,77,69.87,12,2,953.250479459763,1464.47508907318,2417.72556853294
2.3,7.2463768115942,9148.43172288262,86,68.94,12,3,1152.32261300087,236.358166456223,1388.68077945709
2.4,6.94444444444445,9286.61666856504,88,67.31,13,3,3510.79010510445,453.554887771606,3964.34499287605
2.5,6.66666666666667,10089.475845983,97,69.32,9,1,2052.45083022118,543.378083944321,2595.8289141655
2.6,6.41025641025641,10461.1466605474,103,69.3,10,1,1664.15039300919,474.231578826904,2138.38197183609
2.7,6.17283950617284,10719.5910163801,107,68.59,11,1,1625.97438597679,575.816771745682,2201.79115772247
2.8,5.95238095238095,11154.072223569,116,69.19,13,2,962.313287258148,590.902944564819,1553.21623182297
2.9,5.74712643678161,11525.7430381335,122,69.22,14,2,2567.95877766609,161.807025909424,2729.76580357552
3,5.55555555555556,12187.4019748099,127,69.95,10,2,2230.86169052124,821.907034635544,3052.76872515678
3.1,5.37634408602151,12319.7358293969,136,68.85,12,2,1621.69235873222,577.083560466766,2198.77591919899
3.2,5.20833333333333,12763.4960112153,150,69.17,12,2,699.801189661026,499.56714463234,1199.36833429337
3.3,5.05050505050505,13232.3557173743,156,69.87,14,2,1004.56622505188,351.770613670349,1356.33683872223
3.4,4.90196078431373,13451.748587071,160,68.9,14,2,5236.21373200417,342.169169664383,5578.38290166855
3.5,4.76190476190476,14098.7767598253,174,69.93,13,3,705.418775081635,99.8236751556397,805.242450237274
3.6,4.62962962962963,14284.5691387887,183,69.3,15,3,1366.3728928566,183.187826633453,1549.56071949005
3.7,4.50450450450451,14727.9157393681,189,69.7,16,3,1448.70796632767,188.303986310959,1637.01195263863
3.8,4.3859649122807,15063.1144176832,192,69.66,17,4,644.700208902359,302.892148971558,947.592357873917
3.9,4.27350427350427,15585.5597947098,207,69.99,16,4,395.508384227753,594.042374372482,989.550758600235
4,4.16666666666667,15911.9173977055,213,69.9,17,4,393.304409980774,153.087680578232,546.392090559006
4.1,4.0650406504065,16170.3617535382,217,69.51,18,4,123.709300994873,112.116471767426,235.825772762299
4.2,3.96825396825397,16614.0871279225,222,69.96,19,5,468.01352596283,161.93594455719,629.94947052002
4.3,3.87596899224806,16776.6223156164,228,69.41,21,5,107.873528718948,51.826509475708,159.700038194656
4.4,3.78787878787879,17375.075569321,241,69.81,19,5,35.4599049091339,22.1185865402222,57.5784914493561
4.5,3.7037037037037,17664.0820310225,245,69.59,20,5,44.6461389064789,28.8735017776489,73.5196406841278
4.6,3.6231884057971,17901.1261665001,247,69.2,21,5,44.7401974201202,33.5717754364014,78.3119728565216
4.7,3.54609929078014,18483.1344054214,254,69.96,21,6,31.2543604373932,23.8640809059143,55.1184413433075
4.8,3.47222222222222,18522.6565194377,260,69.07,23,6,12.7986953258514,8.95107889175415,21.7497742176056
4.9,3.40136054421769,18765.8800620882,262,68.76,24,6,38.3251388072968,15.0310068130493,53.3561456203461
5,3.33333333333333,19587.3250069162,269,69.93,22,6,25.59499335289,21.4926042556763,47.0875976085663
5.1,3.26797385620915,19824.6293960234,271,69.62,23,6,68.75470495224,15.995059967041,84.749764919281
5.2,3.20512820512821,20208.8553598537,282,69.82,24,7,70.8376388549805,7.71080827713013,78.5484471321106
5.3,3.14465408805031,20452.0789025043,284,69.54,25,7,17.102034330368,9.62632322311401,26.7283575534821
5.4,3.08641975308642,20452.0789025043,284,68.35,25,7,25.5442609786987,6.56002497673035,32.1042859554291
5.5,3.03030303030303,21274.9363169444,286,69.78,25,7,27.211475610733,24.8820185661316,52.0934941768646
5.6,2.97619047619048,21711.3022383803,289,69.99,25,7,19.3823523521423,19.6508989334106,39.033251285553
5.7,2.92397660818713,21802.9003362817,291,69.3,26,7,15.3027193546295,14.4681243896484,29.770843744278
5.8,2.8735632183908,22106.3654797889,293,69.26,27,7,37.8128778934479,9.67834281921387,47.4912207126617
5.9,2.82485875706215,22707.7209395654,300,69.57,25,7,21.1687173843384,7.63350820541382,28.8022255897522
6,2.77777777777778,23036.3631729444,312,69.77,27,8,52.7400732040405,6.83125710487366,59.5713303089142
6.1,2.73224043715847,23339.8283164516,314,69.73,28,8,32.9896864891052,3.79124736785889,36.7809338569641
6.2,2.68817204301075,23339.8283164516,314,68.7,28,8,3.93871331214905,4.83748054504395,8.77619385719299
6.3,2.64550264550265,23339.8283164516,314,67.71,28,8,4.80548071861267,4.83710503578186,9.64258575439453
6.4,2.60416666666667,23339.8283164516,314,66.74,28,8,11.8299214839935,5.02919316291809,16.8591146469116
6.5,2.56410256410256,23339.8283164516,314,65.81,28,8,17.9243474006653,5.62360692024231,23.5479543209076
6.6,2.52525252525253,23339.8283164516,314,64.9,28,8,46.4917690753937,6.1065526008606,52.5983216762543
6.7,2.48756218905473,23339.8283164516,314,64.02,28,8,28.8502027988434,4.54256725311279,33.3927700519562
6.8,2.45098039215686,23339.8283164516,314,63.17,28,8,41.2561128139496,5.05381107330322,46.3099238872528
6.9,2.41545893719807,26339.8428084788,317,69.81,28,8,78.8907740116119,9.78649091720581,88.6772649288178
7,2.38095238095238,26922.4368213719,322,69.96,26,8,35.589515209198,12.5934219360352,48.1829371452332
7.1,2.34741784037559,27159.4809568495,327,69.96,28,8,77.3830578327179,7.88357973098755,85.2666375637054
7.2,2.31481481481482,27336.2615096639,328,69.52,28,8,139.194961309433,8.35086512565613,147.545826435089
7.3,2.28310502283105,27573.3056451415,338,69.37,29,9,133.956924676895,5.71087169647217,139.667796373367
7.4,2.25225225225225,27573.3056451415,338,68.52,29,9,130.629425764084,7.07698774337769,137.706413507462
7.5,2.22222222222222,27573.3056451415,338,67.69,29,9,44.0737838745117,6.60841202735901,50.6821959018707
7.6,2.19298245614035,27573.3056451415,338,66.89,29,9,69.9728226661682,5.5973744392395,75.5701971054077
7.7,2.16450216450216,27573.3056451415,338,66.1,29,9,3.729079246521,6.57863473892212,10.3077139854431
7.8,2.13675213675214,27573.3056451415,338,65.34,29,9,21.935230255127,7.08304500579834,29.0182752609253
7.9,2.10970464135021,27573.3056451415,338,64.59,29,9,56.5456976890564,4.78937363624573,61.3350713253021
8,2.08333333333333,27573.3056451415,338,63.86,29,9,8.9102213382721,6.33774876594544,15.2479701042175
